{"frozen_yogurt": 0, "tacos": 1, "gnocchi": 2, "ramen": 3, "sushi": 4, "spaghetti_carbonara": 5, "foie_gras": 6, "club_sandwich": 7, "chicken_curry": 8, "caprese_salad": 9, "guacamole": 10, "fish_and_chips": 11, "seaweed_salad": 12, "samosa": 13, "shrimp_and_grits": 14, "prime_rib": 15, "cheese_plate": 16, "grilled_cheese_sandwich": 17, "omelette": 18, "macarons": 19, "pancakes": 20, "paella": 21, "crab_cakes": 22, "onion_rings": 23, "poutine": 24, "panna_cotta": 25, "hamburger": 26, "eggs_benedict": 27, "pizza": 28, "cup_cakes": 29, "red_velvet_cake": 30, "huevos_rancheros": 31, "french_toast": 32, "pad_thai": 33, "beef_tartare": 34, "beet_salad": 35, "garlic_bread": 36, "escargots": 37, "cheesecake": 38, "tuna_tartare": 39, "french_fries": 40, "pulled_pork_sandwich": 41, "ravioli": 42, "clam_chowder": 43, "baby_back_ribs": 44, "pork_chop": 45, "chicken_quesadilla": 46, "grilled_salmon": 47, "dumplings": 48, "fried_rice": 49, "macaroni_and_cheese": 50, "hot_and_sour_soup": 51, "tiramisu": 52, "lobster_roll_sandwich": 53, "filet_mignon": 54, "lobster_bisque": 55, "risotto": 56, "takoyaki": 57, "waffles": 58, "miso_soup": 59, "scallops": 60, "hummus": 61, "french_onion_soup": 62, "spaghetti_bolognese": 63, "gyoza": 64, "sashimi": 65, "caesar_salad": 66, "donuts": 67, "pho": 68, "creme_brulee": 69, "edamame": 70, "apple_pie": 71, "carrot_cake": 72, "croque_madame": 73, "chocolate_cake": 74, "mussels": 75, "chocolate_mousse": 76, "deviled_eggs": 77, "ice_cream": 78, "chicken_wings": 79, "steak": 80, "churros": 81, "beignets": 82, "breakfast_burrito": 83, "spring_rolls": 84, "lasagna": 85, "cannoli": 86, "nachos": 87, "bruschetta": 88, "hot_dog": 89, "greek_salad": 90, "beef_carpaccio": 91, "falafel": 92, "strawberry_shortcake": 93, "bread_pudding": 94, "ceviche": 95, "peking_duck": 96, "bibimbap": 97, "oysters": 98, "fried_calamari": 99, "baklava": 100}